{"get_calendar": {"embedding": [0.00013648772437591106, 0.00010277912042511161, 0.786758691072464, 0.00018312146130483598, 4.785079090652289e-05, 0.00027477282128529623, 0.02018797816708684, 0.15566642954945564, 0.0033693130826577544, 0.0058058404247276485, 2.797974957502447e-05, 7.567450302303769e-05, 0.0001866397142293863, 6.171839140733937e-05, 4.145504954067292e-05, 0.024695411324501038, 0.00011728554454748519, 3.761547395697562e-05, 4.563700258586323e-05, 4.288574018573854e-05, 3.994543931185035e-05, 0.0005796204641228542, 6.236398439796176e-05, 6.575227962457575e-05, 7.938396265672054e-05, 0.0001767532085068524, 0.0001485331667936407, 0.0003436929255258292, 3.2904436011449434e-05, 0.00047837789315963164, 5.7611237025412265e-05, 6.949454927962506e-05], "samples": ["What's on my schedual", "What does my calendar look like", "How busy am I today?", "Can you check my calendar?"]}, "open_program": {"embedding": [0.00010938561172224581, 0.00018468033522367477, 0.23108381032943726, 0.00011457285290816799, 4.22800840169657e-05, 0.00020898603543173522, 0.07674100995063782, 0.6781863570213318, 0.0033552462700754404, 0.0058437553234398365, 1.8239506971440278e-05, 8.243048068834469e-05, 0.00011412033200031146, 6.633815792156383e-05, 2.8468071832321584e-05, 0.0019464404322206974, 6.326595030259341e-05, 3.620055576902814e-05, 2.5678344172774814e-05, 3.428442505537532e-05, 3.0488894481095485e-05, 0.0004355106211733073, 3.381173519301228e-05, 4.0444898331770673e-05, 4.5995318942004815e-05, 0.00010006301454268396, 9.756869985722005e-05, 0.00032898588688112795, 2.7872214559465647e-05, 0.0004885820089839399, 4.7677065595053136e-05, 3.745903813978657e-05], "samples": ["Start google chrome", "Load up flowkey", "Open visual studio code please"]}}